Покупательская активность;тип товара;История продаж;Неоплаченные_товары;Выручка
Снизилась;товары для себя;575;2;4635.0
Снизилась;товары для себя;786;2;5213.0
Снизилась;товары для дома;935;5;4992.0
Снизилась;товары для себя;515;2;5268.0
Снизилась;товары для дома;1013;4;4932.0
Снизилась;товары для себя;900;3;4582.0
Снизилась;товары для себя;610;5;5351.0
Снизилась;товары для себя;780;4;5621.0
Снизилась;товары для себя;486;2;4642.0
Снизилась;товары для себя;983;2;4579.0
Снизилась;товары для себя;1001;4;4880.0
Снизилась;товары для себя;162;1;5120.0
Снизилась;товары для себя;663;4;4635.0
Снизилась;товары для себя;806;3;5213.0
Снизилась;товары для себя;351;1;4992.0
Снизилась;товары для себя;488;0;5268.0
Снизилась;товары для себя;768;2;4932.0
Снизилась;товары для дома;488;0;4582.0
Снизилась;товары для дома;455;1;5351.0
Снизилась;товары для дома;335;1;5621.0
Снизилась;товары для дома;932;0;4642.0
Снизилась;товары для себя;996;4;4579.0
Снизилась;товары для себя;801;5;4880.0
Снизилась;товары для себя;306;5;5120.0
Снизилась;товары для дома;638;0;4786.0
Снизилась;товары для себя;991;1;4635.0
Снизилась;товары для дома;318;1;5213.0
Снизилась;товары для себя;586;5;4992.0
Снизилась;товары для дома;645;5;5268.0
Снизилась;товары для дома;906;4;4932.0
Снизилась;товары для себя;835;0;4582.0
Снизилась;товары для себя;641;4;5351.0
Снизилась;товары для дома;684;3;5621.0
Снизилась;товары для себя;881;4;4642.0
Снизилась;товары для себя;786;1;4579.0
Снизилась;товары для себя;384;5;4880.0
Снизилась;товары для себя;846;1;5120.0
Снизилась;товары для себя;724;3;
Снизилась;товары для себя;439;3;4635.0
Снизилась;товары для дома;801;2;5213.0
Снизилась;товары для дома;586;3;4992.0
Снизилась;товары для себя;599;5;5268.0
Снизилась;товары для себя;1025;2;4932.0
Снизилась;товары для себя;316;5;4582.0
Снизилась;товары для дома;352;4;5351.0
Снизилась;товары для себя;567;2;5621.0
Снизилась;товары для дома;744;2;4642.0
Снизилась;товары для себя;591;3;4579.0
Снизилась;товары для себя;966;3;4880.0
Снизилась;товары для себя;903;0;5120.0
Снизилась;товары для себя;157;1;4635.0
Снизилась;товары для себя;162;1;5213.0
Снизилась;товары для дома;597;4;4992.0
Снизилась;товары для себя;218;8;5268.0
Снизилась;товары для себя;762;4;4932.0
Снизилась;товары для себя;452;5;4582.0
Снизилась;товары для себя;691;7;5351.0
Снизилась;товары для себя;356;4;5621.0
Снизилась;товары для себя;989;2;4642.0
Снизилась;товары для дома;908;1;4579.0
Снизилась;товары для себя;790;1;4880.0
Снизилась;товары для дома;456;8;5120.0
Снизилась;товары для себя;200;6;4635.0
Снизилась;товары для себя;319;5;5213.0
Снизилась;товары для себя;444;2;4992.0
Снизилась;товары для себя;635;4;5268.0
Снизилась;товары для себя;733;1;4932.0
Снизилась;товары для дома;516;2;4582.0
Снизилась;товары для дома;214;2;5351.0
Снизилась;товары для себя;374;7;5621.0
Снизилась;товары для себя;754;5;4642.0
Снизилась;товары для себя;811;5;4579.0
Снизилась;товары для себя;1019;3;4880.0
Снизилась;товары для дома;335;7;5120.0
Снизилась;товары для дома;152;5;4455.0
Снизилась;товары для себя;521;2;4635.0
Снизилась;товары для дома;231;1;5213.0
Снизилась;товары для дома;480;3;4992.0
Снизилась;товары для себя;1043;1;5268.0
Снизилась;товары для себя;714;1;4932.0
Снизилась;товары для себя;779;3;4582.0
Снизилась;товары для себя;669;0;5351.0
Снизилась;товары для себя;512;0;5621.0
Снизилась;товары для себя;650;2;4642.0
Снизилась;товары для себя;207;1;4579.0
Снизилась;товары для себя;756;5;4880.0
Снизилась;товары для себя;601;2;5120.0
Снизилась;товары для себя;1009;3;4635.0
Снизилась;товары для себя;732;3;5213.0
Снизилась;товары для себя;874;1;4992.0
Снизилась;товары для дома;1041;7;5268.0
Снизилась;товары для дома;511;7;4932.0
Снизилась;товары для себя;577;2;4582.0
Снизилась;товары для себя;675;7;5351.0
Снизилась;товары для себя;339;3;5621.0
Снизилась;товары для себя;954;2;4642.0
Снизилась;товары для себя;771;8;4579.0
Снизилась;товары для себя;699;1;4880.0
Снизилась;товары для себя;669;2;5120.0
Снизилась;товары для себя;511;2;4635.0
Снизилась;товары для себя;974;3;5213.0
Снизилась;товары для себя;666;5;4992.0
Снизилась;товары для себя;857;4;5268.0
Снизилась;товары для себя;1048;5;4932.0
Снизилась;товары для себя;756;3;4582.0
Снизилась;товары для себя;506;5;5351.0
Снизилась;товары для себя;759;4;5621.0
Снизилась;товары для себя;937;4;4642.0
Снизилась;товары для себя;449;4;4579.0
Снизилась;товары для дома;764;5;4880.0
Снизилась;товары для себя;851;3;5120.0
Снизилась;товары для себя;768;8;4635.0
Снизилась;товары для себя;720;6;5213.0
Снизилась;товары для себя;219;5;4992.0
Снизилась;товары для себя;377;2;5268.0
Снизилась;товары для дома;472;6;4932.0
Снизилась;товары для себя;806;5;4582.0
Снизилась;товары для себя;449;9;5351.0
Снизилась;товары для дома;523;10;5621.0
Снизилась;товары для себя;503;3;4642.0
Снизилась;товары для себя;515;4;4579.0
Снизилась;товары для себя;813;3;4880.0
Снизилась;товары для себя;249;6;5120.0
Снизилась;товары для себя;829;5;4635.0
Снизилась;товары для дома;186;6;5213.0
Снизилась;товары для дома;336;7;4992.0
Снизилась;товары для дома;690;5;5268.0
Снизилась;товары для себя;824;2;4932.0
Снизилась;товары для себя;666;3;4582.0
Снизилась;товары для дома;377;3;5351.0
Снизилась;товары для себя;753;8;5621.0
Снизилась;товары для себя;674;5;4642.0
Снизилась;товары для себя;875;2;4579.0
Снизилась;товары для себя;844;8;4880.0
Снизилась;товары для себя;602;5;5120.0
Снизилась;товары для себя;855;6;4635.0
Снизилась;товары для дома;448;2;5213.0
Снизилась;товары для себя;720;2;4992.0
Снизилась;товары для себя;1021;4;5268.0
Снизилась;товары для себя;627;2;4932.0
Снизилась;товары для себя;748;4;4582.0
Снизилась;товары для дома;344;3;5351.0
Снизилась;товары для себя;922;7;5621.0
Снизилась;товары для себя;298;3;4642.0
Снизилась;товары для себя;893;4;4579.0
Снизилась;товары для себя;881;5;4880.0
Снизилась;товары для дома;372;6;5120.0
Снизилась;товары для себя;788;3;4635.0
Снизилась;товары для себя;684;6;5213.0
Снизилась;товары для себя;719;2;4992.0
Снизилась;товары для дома;891;2;5268.0
Снизилась;товары для себя;842;8;4932.0
Снизилась;товары для себя;573;4;4582.0
Снизилась;товары для себя;1057;3;5351.0
Снизилась;товары для себя;342;7;5621.0
Снизилась;товары для себя;638;5;4642.0
Снизилась;товары для себя;458;4;4579.0
Снизилась;товары для себя;254;3;4880.0
Снизилась;товары для дома;600;7;5120.0
Снизилась;товары для себя;871;4;4969.0
Снизилась;товары для себя;574;2;4102.0
Снизилась;товары для себя;982;1;4880.0
Снизилась;товары для себя;324;7;4814.0
Снизилась;товары для себя;373;4;4428.0
Снизилась;товары для себя;839;3;4513.0
Снизилась;товары для дома;845;7;4466.0
Снизилась;товары для себя;475;3;4839.0
Снизилась;товары для дома;509;6;4442.0
Снизилась;товары для дома;252;4;4328.0
Снизилась;товары для дома;820;4;4718.0
Снизилась;товары для себя;744;2;4156.0
Снизилась;товары для себя;824;2;4802.0
Снизилась;товары для дома;511;6;4102.0
Снизилась;товары для дома;541;4;4265.0
Снизилась;товары для себя;1079;5;5039.0
Снизилась;товары для себя;900;3;4827.0
Снизилась;товары для себя;474;10;4508.0
Снизилась;товары для себя;558;2;4639.0
Снизилась;товары для себя;572;8;4508.0
Снизилась;товары для себя;957;0;4472.0
Снизилась;товары для себя;773;3;4502.0
Снизилась;товары для дома;717;6;4449.0
Снизилась;товары для себя;508;6;4374.0
Снизилась;товары для себя;184;6;4579.0
Снизилась;товары для себя;828;4;4212.0
Снизилась;товары для себя;944;0;4813.0
Снизилась;товары для дома;419;9;4669.0
Снизилась;товары для дома;302;1;4586.0
Снизилась;товары для дома;898;6;4952.0
Снизилась;товары для себя;705;3;4974.0
Снизилась;товары для себя;788;4;4641.0
Снизилась;товары для себя;953;3;4220.0
Снизилась;товары для себя;355;1;4826.0
Снизилась;товары для дома;616;7;4605.0
Снизилась;товары для дома;622;1;4418.0
Снизилась;товары для дома;335;0;4684.0
Снизилась;товары для себя;1025;2;4314.0
Снизилась;товары для себя;755;7;4567.0
Снизилась;товары для себя;549;3;4157.0
Снизилась;товары для дома;308;8;4655.0
Снизилась;товары для себя;903;1;4228.0
Снизилась;товары для себя;683;5;4736.0
Снизилась;товары для себя;434;8;4940.0
Снизилась;товары для себя;983;2;4598.0
Снизилась;товары для себя;624;9;4726.0
Снизилась;товары для себя;360;3;4309.0
Снизилась;товары для себя;1017;5;4733.0
Снизилась;товары для дома;348;2;4271.0
Снизилась;товары для дома;742;2;4640.0
Снизилась;товары для себя;770;2;4633.0
Снизилась;товары для себя;867;6;4968.0
Снизилась;товары для себя;701;2;5045.0
Снизилась;товары для себя;589;6;4931.0
Снизилась;товары для дома;527;7;4420.0
Снизилась;товары для себя;692;7;4330.0
Снизилась;товары для себя;956;2;4985.0
Снизилась;товары для дома;618;10;4213.0
Снизилась;товары для дома;522;5;4492.0
Снизилась;товары для себя;785;1;4702.0
Снизилась;товары для себя;853;6;4755.0
Снизилась;товары для себя;1073;2;4740.0
Снизилась;товары для себя;953;1;4856.0
Снизилась;товары для себя;808;2;4729.0
Снизилась;товары для себя;483;7;4709.0
Снизилась;товары для себя;676;7;4822.0
Снизилась;товары для себя;706;6;4671.0
Снизилась;товары для себя;951;5;5053.0
Снизилась;товары для себя;435;0;4530.0
Снизилась;товары для себя;840;1;4500.0
Снизилась;товары для себя;564;4;4774.0
Снизилась;товары для себя;699;4;4778.0
Снизилась;товары для дома;710;5;4393.0
Снизилась;товары для себя;966;3;4657.0
Снизилась;товары для себя;171;4;4798.0
Снизилась;товары для себя;763;3;4688.0
Снизилась;товары для дома;623;7;4769.0
Снизилась;товары для дома;731;2;4470.0
Снизилась;товары для себя;1044;5;4335.0
Снизилась;товары для себя;557;8;4349.0
Снизилась;товары для себя;800;2;4912.0
Снизилась;товары для себя;529;6;4293.0
Снизилась;товары для себя;574;0;4871.0
Снизилась;товары для дома;427;8;4604.0
Снизилась;товары для дома;631;1;4728.0
Снизилась;товары для себя;486;2;4643.0
Снизилась;товары для дома;947;8;4414.0
Снизилась;товары для себя;627;9;4971.0
Снизилась;товары для себя;332;5;4751.0
Снизилась;товары для себя;684;0;4824.0
Снизилась;товары для дома;868;7;4568.0
Снизилась;товары для себя;449;5;4740.0
Снизилась;товары для себя;716;9;4546.0
Снизилась;товары для себя;446;6;4646.0
Снизилась;товары для себя;468;6;4693.0
Снизилась;товары для себя;1072;7;4426.0
Снизилась;товары для себя;556;3;5025.0
Снизилась;товары для дома;458;5;4308.0
Снизилась;товары для себя;637;5;4635.0
Снизилась;товары для дома;428;4;5213.0
Снизилась;товары для себя;862;5;4992.0
Снизилась;товары для дома;816;2;5268.0
Снизилась;товары для себя;636;2;4932.0
Снизилась;товары для себя;684;4;4582.0
Снизилась;товары для себя;519;8;5351.0
Снизилась;товары для дома;255;5;5621.0
Снизилась;товары для себя;627;7;4642.0
Снизилась;товары для себя;952;5;4579.0
Снизилась;товары для себя;205;5;4880.0
Снизилась;товары для дома;862;7;5120.0
Снизилась;товары для себя;728;3;4377.0
Снизилась;товары для дома;657;6;4441.0
Снизилась;товары для себя;789;4;4624.0
Снизилась;товары для себя;704;6;4423.0
Снизилась;товары для себя;1076;3;4578.0
Снизилась;товары для дома;639;5;4588.0
Снизилась;товары для себя;519;4;4399.0
Снизилась;товары для дома;399;4;4646.0
Снизилась;товары для себя;464;5;4635.0
Снизилась;товары для себя;171;1;5213.0
Снизилась;товары для себя;451;4;4992.0
Снизилась;товары для себя;618;5;5268.0
Снизилась;товары для себя;627;4;4932.0
Снизилась;товары для дома;388;7;4582.0
Снизилась;товары для дома;345;2;5351.0
Снизилась;товары для себя;933;4;5621.0
Снизилась;товары для себя;693;2;4642.0
Снизилась;товары для себя;780;7;4579.0
Снизилась;товары для себя;839;1;4880.0
Снизилась;товары для себя;749;6;5120.0
Снизилась;товары для себя;553;3;4755.0
Снизилась;товары для себя;549;6;4436.0
Снизилась;товары для себя;845;2;4379.0
Снизилась;товары для себя;251;7;4635.0
Снизилась;товары для себя;666;3;5213.0
Снизилась;товары для себя;962;2;4992.0
Снизилась;товары для себя;672;5;5268.0
Снизилась;товары для себя;929;3;4932.0
Снизилась;товары для себя;582;4;4582.0
Снизилась;товары для дома;657;0;5351.0
Снизилась;товары для себя;529;7;5621.0
Снизилась;товары для себя;537;6;4642.0
Снизилась;товары для себя;718;5;4579.0
Снизилась;товары для дома;810;4;4880.0
Снизилась;товары для дома;715;5;5120.0
Снизилась;товары для себя;805;1;4940.0
Снизилась;товары для дома;181;5;4719.0
Снизилась;товары для дома;684;6;4656.0
Снизилась;товары для себя;819;9;4847.0
Снизилась;товары для себя;217;2;4227.0
Снизилась;товары для себя;736;4;4519.0
Снизилась;товары для дома;163;3;4680.0
Снизилась;товары для дома;822;5;4709.0
Снизилась;товары для себя;618;4;4532.0
Снизилась;товары для себя;1012;5;4635.0
Снизилась;товары для себя;441;0;5213.0
Снизилась;товары для себя;302;2;4992.0
Снизилась;товары для себя;822;4;5268.0
Снизилась;товары для дома;732;5;4932.0
Снизилась;товары для себя;703;2;4582.0
Снизилась;товары для себя;467;6;5351.0
Снизилась;товары для себя;343;9;5621.0
Снизилась;товары для себя;551;3;4642.0
Снизилась;товары для себя;490;7;4579.0
Снизилась;товары для себя;820;4;4880.0
Снизилась;товары для себя;261;6;5120.0
Снизилась;товары для дома;340;5;4105.0
Снизилась;товары для себя;304;6;4305.0
Снизилась;товары для себя;937;3;4737.0
Снизилась;товары для дома;223;5;4327.0
Снизилась;товары для себя;714;5;4635.0
Снизилась;товары для себя;622;5;5213.0
Снизилась;товары для себя;799;4;4992.0
Снизилась;товары для себя;326;6;5268.0
Снизилась;товары для себя;1079;2;4932.0
Снизилась;товары для себя;538;6;4582.0
Снизилась;товары для себя;607;4;5351.0
Снизилась;товары для себя;753;5;5621.0
Снизилась;товары для себя;648;5;4642.0
Снизилась;товары для себя;795;2;4579.0
Снизилась;товары для себя;388;1;4880.0
Снизилась;товары для дома;561;8;5120.0
Снизилась;товары для себя;722;9;4635.0
Снизилась;товары для себя;429;4;5213.0
Снизилась;товары для себя;540;9;4992.0
Снизилась;товары для себя;306;4;5268.0
Снизилась;товары для себя;275;6;4932.0
Снизилась;товары для себя;944;2;4582.0
Снизилась;товары для себя;1035;5;5351.0
Снизилась;товары для себя;384;9;5621.0
Снизилась;товары для себя;935;2;4642.0
Снизилась;товары для себя;685;9;4579.0
Снизилась;товары для дома;811;1;4880.0
Снизилась;товары для себя;681;5;5120.0
Снизилась;товары для себя;212;5;4635.0
Снизилась;товары для дома;188;0;5213.0
Снизилась;товары для дома;711;6;4992.0
Снизилась;товары для себя;485;0;5268.0
Снизилась;товары для дома;657;4;4932.0
Снизилась;товары для себя;730;3;4582.0
Снизилась;товары для себя;484;4;5351.0
Снизилась;товары для себя;570;8;5621.0
Снизилась;товары для дома;352;3;4642.0
Снизилась;товары для себя;658;0;4579.0
Снизилась;товары для себя;1065;5;4880.0
Снизилась;товары для себя;794;7;5120.0
Снизилась;товары для себя;293;3;4872.0
Снизилась;товары для себя;694;7;4864.0
Снизилась;товары для себя;873;2;4691.0
Снизилась;товары для себя;952;5;4635.0
Снизилась;товары для себя;507;0;5213.0
Снизилась;товары для дома;447;4;4992.0
Снизилась;товары для себя;460;6;5268.0
Снизилась;товары для себя;449;1;4932.0
Снизилась;товары для себя;906;1;4582.0
Снизилась;товары для себя;646;1;5351.0
Снизилась;товары для себя;444;4;5621.0
Снизилась;товары для дома;731;3;4642.0
Снизилась;товары для себя;846;4;4579.0
Снизилась;товары для себя;402;4;4880.0
Снизилась;товары для себя;598;3;5120.0
Снизилась;товары для дома;780;0;4700.0
Снизилась;товары для себя;791;0;4850.0
Снизилась;товары для себя;196;4;4635.0
Снизилась;товары для себя;800;5;5213.0
Снизилась;товары для дома;663;6;4992.0
Снизилась;товары для дома;482;8;5268.0
Снизилась;товары для себя;1051;4;4932.0
Снизилась;товары для дома;511;2;4582.0
Снизилась;товары для себя;540;4;5351.0
Снизилась;товары для себя;225;4;5621.0
Снизилась;товары для дома;187;3;4642.0
Снизилась;товары для дома;875;3;4579.0
Снизилась;товары для дома;769;3;4880.0
Снизилась;товары для себя;563;5;5120.0
Снизилась;товары для себя;373;2;4635.0
Снизилась;товары для себя;375;6;5213.0
Снизилась;товары для себя;439;5;4992.0
Снизилась;товары для себя;550;1;5268.0
Снизилась;товары для себя;987;1;4932.0
Снизилась;товары для себя;452;5;4582.0
Прежний уровень;товары для дома;534;1;5351.0
Прежний уровень;товары для себя;624;3;5621.0
Прежний уровень;товары для себя;634;5;4642.0
Прежний уровень;товары для себя;957;2;4579.0
Прежний уровень;товары для дома;475;3;4880.0
Прежний уровень;товары для себя;191;0;5120.0
Прежний уровень;товары для себя;937;2;4752.0
Прежний уровень;товары для себя;216;3;4814.0
Прежний уровень;товары для дома;923;1;4943.0
Прежний уровень;товары для себя;998;0;4901.0
Прежний уровень;товары для себя;486;4;5095.0
Прежний уровень;товары для себя;589;1;5329.0
Прежний уровень;товары для себя;949;2;5089.0
Прежний уровень;товары для дома;565;1;5023.0
Прежний уровень;товары для себя;822;3;5337.0
Прежний уровень;товары для дома;300;3;5228.0
Прежний уровень;товары для себя;539;2;4359.0
Прежний уровень;товары для дома;388;0;4528.0
Прежний уровень;товары для себя;857;1;4904.0
Прежний уровень;товары для себя;316;3;5282.0
Прежний уровень;товары для себя;744;0;4921.0
Прежний уровень;товары для дома;553;3;4495.0
Прежний уровень;товары для себя;749;2;5175.0
Прежний уровень;товары для себя;272;3;5060.0
Прежний уровень;товары для себя;321;2;4802.0
Прежний уровень;товары для себя;831;1;5103.0
Прежний уровень;товары для себя;657;4;5542.0
Прежний уровень;товары для дома;157;0;4934.0
Прежний уровень;товары для дома;467;2;4712.0
Прежний уровень;товары для себя;849;2;4908.0
Прежний уровень;товары для себя;609;3;5364.0
Прежний уровень;товары для себя;242;5;5142.0
Прежний уровень;товары для себя;728;1;4950.0
Прежний уровень;товары для себя;937;1;4900.0
Прежний уровень;товары для себя;457;1;5624.0
Прежний уровень;товары для дома;159;3;4671.0
Прежний уровень;товары для себя;207;5;4903.0
Прежний уровень;товары для себя;899;4;5045.0
Прежний уровень;товары для себя;834;1;4529.0
Прежний уровень;товары для себя;808;0;5261.0
Прежний уровень;товары для себя;205;2;5364.0
Прежний уровень;товары для себя;985;2;4908.0
Прежний уровень;товары для себя;400;4;4897.0
Прежний уровень;товары для себя;634;5;5095.0
Прежний уровень;товары для себя;529;5;5012.0
Прежний уровень;товары для себя;855;4;4530.0
Прежний уровень;товары для себя;597;4;4964.0
Прежний уровень;товары для себя;1061;1;4583.0
Прежний уровень;товары для дома;433;0;4802.0
Прежний уровень;товары для себя;157;2;4550.0
Прежний уровень;товары для себя;389;1;4883.0
Прежний уровень;товары для себя;363;5;4648.0
Прежний уровень;товары для себя;670;5;5036.0
Прежний уровень;товары для себя;585;2;4570.0
Прежний уровень;товары для себя;819;4;5154.0
Прежний уровень;товары для дома;539;2;5273.0
Прежний уровень;товары для себя;896;0;4877.0
Прежний уровень;товары для дома;1064;2;4691.0
Прежний уровень;товары для себя;762;1;4507.0
Прежний уровень;товары для себя;431;3;5601.0
Прежний уровень;товары для дома;284;1;4353.0
Прежний уровень;товары для себя;192;2;4997.0
Прежний уровень;товары для себя;741;3;4663.0
Прежний уровень;товары для себя;450;2;5210.0
Прежний уровень;товары для себя;571;2;4439.0
Прежний уровень;товары для себя;623;1;5051.0
Прежний уровень;товары для себя;199;5;4733.0
Прежний уровень;товары для себя;438;4;4735.0
Прежний уровень;товары для дома;923;0;5201.0
Прежний уровень;товары для себя;708;3;5444.0
Прежний уровень;товары для себя;167;4;4416.0
Прежний уровень;товары для дома;209;3;4869.0
Прежний уровень;товары для себя;581;1;5324.0
Прежний уровень;товары для себя;829;2;5017.0
Прежний уровень;товары для дома;607;2;4928.0
Прежний уровень;товары для себя;572;0;5600.0
Прежний уровень;товары для себя;365;0;4781.0
Прежний уровень;товары для дома;566;1;5053.0
Прежний уровень;товары для дома;811;5;5073.0
Прежний уровень;товары для дома;268;3;4900.0
Прежний уровень;товары для себя;558;3;5240.0
Прежний уровень;товары для себя;534;1;4633.0
Прежний уровень;товары для себя;730;5;5311.0
Прежний уровень;товары для себя;488;1;4572.0
Прежний уровень;товары для дома;436;0;4662.0
Прежний уровень;товары для дома;637;2;5204.0
Прежний уровень;товары для себя;554;1;4635.0
Прежний уровень;товары для себя;330;2;5213.0
Прежний уровень;товары для себя;504;4;4992.0
Прежний уровень;товары для себя;1020;3;5268.0
Прежний уровень;товары для себя;721;3;4932.0
Прежний уровень;товары для себя;495;3;4582.0
Прежний уровень;товары для себя;135;0;5351.0
Прежний уровень;товары для себя;663;2;5621.0
Прежний уровень;товары для себя;1047;2;4642.0
Прежний уровень;товары для себя;152;4;4579.0
Прежний уровень;товары для себя;754;1;4880.0
Прежний уровень;товары для себя;525;0;5120.0
Прежний уровень;товары для дома;169;1;4956.0
Прежний уровень;товары для себя;966;1;4700.0
Прежний уровень;товары для себя;645;3;4952.0
Прежний уровень;товары для себя;399;3;4453.0
Прежний уровень;товары для себя;267;1;4783.0
Прежний уровень;товары для себя;530;5;5316.0
Прежний уровень;товары для себя;478;5;4837.0
Прежний уровень;товары для себя;890;1;4865.0
Прежний уровень;товары для дома;830;0;4953.0
Прежний уровень;товары для себя;149;2;4682.0
Прежний уровень;товары для себя;543;3;4376.0
Прежний уровень;товары для себя;667;0;5009.0
Прежний уровень;товары для себя;510;4;4347.0
Прежний уровень;товары для себя;1049;2;4792.0
Прежний уровень;товары для себя;242;4;4614.0
Прежний уровень;товары для себя;908;4;4904.0
Прежний уровень;товары для себя;408;2;5222.0
Прежний уровень;товары для дома;900;0;4985.0
Прежний уровень;товары для себя;490;4;4774.0
Прежний уровень;товары для дома;401;0;5388.0
Прежний уровень;товары для себя;945;3;4852.0
Прежний уровень;товары для себя;777;3;5313.0
Прежний уровень;товары для себя;851;0;5265.0
Прежний уровень;товары для себя;559;5;4370.0
Прежний уровень;товары для себя;803;4;4795.0
Прежний уровень;товары для дома;675;1;5468.0
Прежний уровень;товары для дома;490;4;4864.0
Прежний уровень;товары для себя;769;1;5041.0
Прежний уровень;товары для себя;626;2;5173.0
Прежний уровень;товары для дома;203;2;5139.0
Прежний уровень;товары для себя;280;4;5122.0
Прежний уровень;товары для себя;349;5;4665.0
Прежний уровень;товары для себя;540;2;5494.0
Прежний уровень;товары для дома;476;0;5596.0
Прежний уровень;товары для себя;897;4;4555.0
Прежний уровень;товары для себя;709;1;4786.0
Прежний уровень;товары для себя;260;2;5226.0
Прежний уровень;товары для себя;852;0;5303.0
Прежний уровень;товары для себя;997;1;4626.0
Прежний уровень;товары для себя;625;3;5326.0
Прежний уровень;товары для себя;187;3;4741.0
Прежний уровень;товары для дома;213;3;4538.0
Прежний уровень;товары для дома;228;1;4876.0
Прежний уровень;товары для себя;602;3;5315.0
Прежний уровень;товары для себя;870;2;4859.0
Прежний уровень;товары для себя;795;5;5086.0
Прежний уровень;товары для себя;442;3;5124.0
Прежний уровень;товары для дома;639;4;5016.0
Прежний уровень;товары для себя;430;5;5236.0
Прежний уровень;товары для себя;688;4;4382.0
Прежний уровень;товары для себя;717;3;4822.0
Прежний уровень;товары для дома;236;2;4460.0
Прежний уровень;товары для себя;639;5;4346.0
Прежний уровень;товары для себя;991;1;5230.0
Прежний уровень;товары для себя;679;2;5241.0
Прежний уровень;товары для дома;157;4;5047.0
Прежний уровень;товары для себя;480;1;4818.0
Прежний уровень;товары для себя;228;5;4483.0
Прежний уровень;товары для дома;392;1;5204.0
Прежний уровень;товары для себя;779;2;5160.0
Прежний уровень;товары для дома;770;1;5102.0
Прежний уровень;товары для себя;499;4;4779.0
Прежний уровень;товары для дома;417;0;4933.0
Прежний уровень;товары для себя;293;0;4566.0
Прежний уровень;товары для себя;492;3;4874.0
Прежний уровень;товары для себя;602;0;5068.0
Прежний уровень;товары для себя;458;2;4914.0
Прежний уровень;товары для себя;564;2;4995.0
Прежний уровень;товары для себя;609;2;5416.0
Прежний уровень;товары для себя;471;4;4386.0
Прежний уровень;товары для дома;173;3;4714.0
Прежний уровень;товары для себя;701;3;4549.0
Прежний уровень;товары для себя;1052;2;4417.0
Прежний уровень;товары для себя;570;3;4940.0
Прежний уровень;товары для себя;359;1;4733.0
Прежний уровень;товары для себя;480;2;5208.0
Прежний уровень;товары для себя;770;3;4833.0
Прежний уровень;товары для дома;828;1;4853.0
Прежний уровень;товары для себя;1048;4;4809.0
Прежний уровень;товары для себя;122;2;5028.0
Прежний уровень;товары для дома;501;0;5138.0
Прежний уровень;товары для себя;339;2;4798.0
Прежний уровень;товары для дома;995;1;5568.0
Прежний уровень;товары для дома;988;1;4983.0
Прежний уровень;товары для себя;357;3;4493.0
Прежний уровень;товары для дома;234;2;5263.0
Прежний уровень;товары для себя;276;3;4445.0
Прежний уровень;товары для себя;272;2;5532.0
Прежний уровень;товары для дома;777;3;4451.0
Прежний уровень;товары для дома;869;3;5274.0
Прежний уровень;товары для дома;338;4;4763.0
Прежний уровень;товары для себя;925;2;4545.0
Прежний уровень;товары для себя;386;4;4439.0
Прежний уровень;товары для себя;1037;5;5509.0
Прежний уровень;товары для себя;660;3;4691.0
Прежний уровень;товары для себя;597;2;5118.0
Прежний уровень;товары для себя;575;3;4629.0
Прежний уровень;товары для дома;129;1;4919.0
Прежний уровень;товары для дома;497;1;5216.0
Прежний уровень;товары для себя;1007;3;5004.0
Прежний уровень;товары для себя;551;5;4473.0
Прежний уровень;товары для себя;436;2;5193.0
Прежний уровень;товары для себя;829;0;4962.0
Прежний уровень;товары для себя;928;0;5396.0
Прежний уровень;товары для себя;827;1;4415.0
Прежний уровень;товары для себя;473;1;4667.0
Прежний уровень;товары для себя;869;1;4864.0
Прежний уровень;товары для себя;681;2;4690.0
Прежний уровень;товары для себя;1039;0;4644.0
Прежний уровень;товары для себя;404;3;4777.0
Прежний уровень;товары для себя;1027;1;5277.0
Прежний уровень;товары для дома;867;0;5314.0
Прежний уровень;товары для себя;692;2;4609.0
Прежний уровень;товары для себя;825;1;5021.0
Прежний уровень;товары для себя;724;3;4829.0
Прежний уровень;товары для дома;544;1;5261.0
Прежний уровень;товары для себя;899;4;4872.0
Прежний уровень;товары для себя;702;3;5293.0
Прежний уровень;товары для себя;228;0;5031.0
Прежний уровень;товары для дома;512;0;5103.0
Прежний уровень;товары для себя;730;1;5388.0
Прежний уровень;товары для дома;775;2;4382.0
Прежний уровень;товары для себя;574;5;4742.0
Прежний уровень;товары для себя;132;2;4506.0
Прежний уровень;товары для себя;659;4;4690.0
Прежний уровень;товары для себя;491;2;4577.0
Прежний уровень;товары для себя;979;3;4454.0
Прежний уровень;товары для дома;980;1;4925.0
Прежний уровень;товары для себя;458;1;4899.0
Прежний уровень;товары для дома;646;1;5124.0
Прежний уровень;товары для себя;565;3;5028.0
Прежний уровень;товары для дома;161;1;5618.0
Прежний уровень;товары для себя;676;1;4948.0
Прежний уровень;товары для дома;150;1;4962.0
Прежний уровень;товары для себя;131;4;4520.0
Прежний уровень;товары для себя;302;1;5276.0
Прежний уровень;товары для себя;426;3;5262.0
Прежний уровень;товары для дома;160;5;5375.0
Прежний уровень;товары для себя;913;2;4781.0
Прежний уровень;товары для себя;541;1;5223.0
Прежний уровень;товары для себя;203;2;5305.0
Прежний уровень;товары для себя;736;4;4822.0
Прежний уровень;товары для себя;910;1;4962.0
Прежний уровень;товары для себя;529;1;4982.0
Прежний уровень;товары для себя;826;2;4997.0
Прежний уровень;товары для себя;713;5;4977.0
Прежний уровень;товары для себя;1003;2;5027.0
Прежний уровень;товары для себя;673;2;4743.0
Прежний уровень;товары для себя;312;4;5075.0
Прежний уровень;товары для себя;348;4;4991.0
Прежний уровень;товары для себя;807;1;4667.0
Прежний уровень;товары для себя;466;4;4817.0
Прежний уровень;товары для себя;959;1;4342.0
Прежний уровень;товары для себя;768;0;4703.0
Прежний уровень;товары для себя;372;2;5241.0
Прежний уровень;товары для себя;973;2;4541.0
Прежний уровень;товары для себя;435;2;4727.0
Прежний уровень;товары для себя;913;1;4833.0
Прежний уровень;товары для дома;635;1;5249.0
Прежний уровень;товары для себя;791;1;5030.0
Прежний уровень;товары для дома;248;3;4846.0
Прежний уровень;товары для себя;920;1;4429.0
Прежний уровень;товары для себя;953;2;4999.0
Прежний уровень;товары для себя;965;1;4591.0
Прежний уровень;товары для себя;907;1;5028.0
Прежний уровень;товары для себя;793;2;4893.0
Прежний уровень;товары для себя;576;0;4771.0
Прежний уровень;товары для дома;312;1;5518.0
Прежний уровень;товары для себя;382;1;5140.0
Прежний уровень;товары для себя;629;1;5492.0
Прежний уровень;товары для себя;495;3;4958.0
Прежний уровень;товары для себя;493;3;4496.0
Прежний уровень;товары для дома;304;3;4440.0
Прежний уровень;товары для себя;746;3;4711.0
Прежний уровень;товары для дома;272;4;4736.0
Прежний уровень;товары для дома;485;0;4660.0
Прежний уровень;товары для себя;662;2;4981.0
Прежний уровень;товары для себя;271;5;4338.0
Прежний уровень;товары для себя;389;2;5615.0
Прежний уровень;товары для себя;307;4;5123.0
Прежний уровень;товары для дома;639;2;5030.0
Прежний уровень;товары для дома;403;2;5534.0
Прежний уровень;товары для себя;775;3;4694.0
Прежний уровень;товары для себя;370;2;4837.0
Прежний уровень;товары для себя;475;1;5298.0
Прежний уровень;товары для себя;570;1;4770.0
Прежний уровень;товары для дома;628;1;5168.0
Прежний уровень;товары для себя;387;2;5043.0
Прежний уровень;товары для себя;735;0;5026.0
Прежний уровень;товары для дома;570;1;4763.0
Прежний уровень;товары для дома;671;2;4592.0
Прежний уровень;товары для себя;558;2;4587.0
Прежний уровень;товары для дома;179;2;5123.0
Прежний уровень;товары для себя;919;2;4451.0
Прежний уровень;товары для себя;556;4;5003.0
Прежний уровень;товары для дома;498;4;4637.0
Прежний уровень;товары для себя;168;3;4433.0
Прежний уровень;товары для себя;577;3;4797.0
Прежний уровень;товары для себя;347;5;4945.0
Прежний уровень;товары для себя;190;3;5109.0
Прежний уровень;товары для себя;170;5;4840.0
Прежний уровень;товары для себя;572;2;5194.0
Прежний уровень;товары для себя;153;3;5574.0
Прежний уровень;товары для себя;908;3;4971.0
Прежний уровень;товары для дома;613;1;5573.0
Прежний уровень;товары для дома;486;1;4882.0
Прежний уровень;товары для себя;925;0;5408.0
Прежний уровень;товары для себя;524;3;5145.0
Прежний уровень;товары для дома;259;3;5012.0
Прежний уровень;товары для себя;600;0;5166.0
Прежний уровень;товары для себя;871;2;5442.0
Прежний уровень;товары для дома;765;3;4730.0
Прежний уровень;товары для дома;1051;1;5289.0
Прежний уровень;товары для себя;861;4;4674.0
Прежний уровень;товары для себя;1031;5;4792.0
Прежний уровень;товары для себя;851;1;4802.0
Прежний уровень;товары для дома;311;1;4451.0
Прежний уровень;товары для себя;982;2;4479.0
Прежний уровень;товары для себя;732;4;5379.0
Прежний уровень;товары для себя;192;4;4357.0
Прежний уровень;товары для дома;628;2;4987.0
Прежний уровень;товары для себя;865;5;4866.0
Прежний уровень;товары для дома;1026;2;5035.0
Прежний уровень;товары для себя;1052;3;4959.0
Прежний уровень;товары для себя;379;1;4771.0
Прежний уровень;товары для себя;930;3;4341.0
Прежний уровень;товары для себя;906;4;4408.0
Прежний уровень;товары для дома;226;0;5155.0
Прежний уровень;товары для себя;828;3;5362.0
Прежний уровень;товары для себя;505;1;5433.0
Прежний уровень;товары для себя;460;0;5363.0
Прежний уровень;товары для себя;763;2;4856.0
Прежний уровень;товары для себя;751;3;4859.0
Прежний уровень;товары для дома;297;4;5083.0
Прежний уровень;товары для себя;804;3;4658.0
Прежний уровень;товары для дома;527;2;5122.0
Прежний уровень;товары для дома;414;1;5145.0
Прежний уровень;товары для себя;623;2;4773.0
Прежний уровень;товары для себя;1022;1;4952.0
Прежний уровень;товары для себя;755;5;4752.0
Прежний уровень;товары для дома;494;3;4729.0
Прежний уровень;товары для дома;166;1;5609.0
Прежний уровень;товары для дома;946;1;5096.0
Прежний уровень;товары для дома;561;3;4949.0
Прежний уровень;товары для дома;793;0;4690.0
Прежний уровень;товары для себя;162;3;4912.0
Прежний уровень;товары для себя;1035;2;5200.0
Прежний уровень;товары для себя;856;2;4786.0
Прежний уровень;товары для дома;215;1;4833.0
Прежний уровень;товары для себя;978;0;4735.0
Прежний уровень;товары для себя;479;4;5251.0
Прежний уровень;товары для себя;698;3;4651.0
Прежний уровень;товары для себя;670;4;4342.0
Прежний уровень;товары для себя;673;2;4980.0
Прежний уровень;товары для дома;497;1;4860.0
Прежний уровень;товары для дома;165;5;4623.0
Прежний уровень;товары для себя;511;0;4613.0
Прежний уровень;товары для дома;528;2;4591.0
Прежний уровень;товары для дома;629;0;4679.0
Прежний уровень;товары для себя;869;2;5176.0
Прежний уровень;товары для себя;360;4;5011.0
Прежний уровень;товары для себя;699;1;4704.0
Прежний уровень;товары для себя;874;1;5299.0
Прежний уровень;товары для себя;1038;1;5334.0
Прежний уровень;товары для себя;549;5;4725.0
Прежний уровень;товары для себя;395;2;5183.0
Прежний уровень;товары для себя;179;1;5428.0
Прежний уровень;товары для себя;797;5;4383.0
Прежний уровень;товары для себя;637;1;5067.0
Прежний уровень;товары для дома;808;2;4543.0
Прежний уровень;товары для дома;660;1;4907.0
Прежний уровень;товары для себя;503;5;4603.0
Прежний уровень;товары для себя;417;5;4462.0
Прежний уровень;товары для себя;208;2;5154.0
Прежний уровень;товары для дома;145;1;4429.0
Прежний уровень;товары для себя;334;3;5219.0
Прежний уровень;товары для себя;365;2;4545.0
Прежний уровень;товары для себя;419;1;4579.0
Прежний уровень;товары для себя;707;1;5211.0
Прежний уровень;товары для себя;151;1;5235.0
Прежний уровень;товары для дома;125;2;5279.0
Прежний уровень;товары для себя;603;4;4833.0
Прежний уровень;товары для себя;420;3;5125.0
Прежний уровень;товары для себя;327;4;5185.0
Прежний уровень;товары для себя;322;0;5139.0
Прежний уровень;товары для себя;725;4;5464.0
Прежний уровень;товары для себя;718;1;4624.0
Прежний уровень;товары для дома;417;0;4468.0
Прежний уровень;товары для себя;786;0;4590.0
Прежний уровень;товары для дома;563;1;5357.0
Прежний уровень;товары для себя;446;2;4994.0
Прежний уровень;товары для себя;296;5;4930.0
Прежний уровень;товары для дома;245;2;5202.0
Прежний уровень;товары для себя;860;3;5060.0
Прежний уровень;товары для себя;881;3;4688.0
Прежний уровень;товары для дома;748;0;4885.0
Прежний уровень;товары для дома;645;4;4974.0
Прежний уровень;товары для себя;182;2;5277.0
Прежний уровень;товары для себя;541;5;5091.0
Прежний уровень;товары для себя;955;2;5456.0
Прежний уровень;товары для себя;799;4;5084.0
Прежний уровень;товары для себя;1010;1;4775.0
Прежний уровень;товары для дома;180;4;4568.0
Прежний уровень;товары для себя;290;4;4820.0
Прежний уровень;товары для себя;283;4;4979.0
Прежний уровень;товары для дома;708;5;100000.0
Прежний уровень;товары для себя;339;2;5185.0
Прежний уровень;товары для дома;495;3;5533.0
Прежний уровень;товары для себя;320;4;5247.0
Прежний уровень;товары для себя;121;5;5100.0
Прежний уровень;товары для дома;609;3;4552.0
Прежний уровень;товары для себя;432;1;4685.0
Прежний уровень;товары для себя;466;4;
Прежний уровень;товары для себя;846;2;5368.0
Прежний уровень;товары для себя;905;2;5194.0
Прежний уровень;товары для себя;606;1;4912.0
Прежний уровень;товары для себя;631;1;5255.0
Прежний уровень;товары для дома;348;3;
Прежний уровень;товары для дома;274;1;4893.0
Прежний уровень;товары для дома;142;3;5113.0
Прежний уровень;товары для себя;413;4;4873.0
Прежний уровень;товары для дома;791;1;4555.0
Прежний уровень;товары для себя;577;4;4707.0
Прежний уровень;товары для себя;748;1;5237.0
Прежний уровень;товары для себя;955;4;4968.0
Прежний уровень;товары для себя;508;3;4906.0
Прежний уровень;товары для себя;633;4;4981.0
Прежний уровень;товары для дома;234;1;4494.0
Прежний уровень;товары для дома;852;0;5588.0
Прежний уровень;товары для дома;152;3;4612.0
Прежний уровень;товары для себя;343;1;4407.0
Прежний уровень;товары для себя;666;2;5132.0
Прежний уровень;товары для дома;353;2;5010.0
Прежний уровень;товары для себя;677;1;5387.0
Прежний уровень;товары для дома;887;3;4655.0
Прежний уровень;товары для себя;921;2;5213.0
Прежний уровень;товары для себя;395;4;5045.0
Прежний уровень;товары для дома;192;4;5463.0
Прежний уровень;товары для себя;847;2;4542.0
Прежний уровень;товары для дома;330;2;5242.0
Прежний уровень;товары для себя;831;2;4697.0
Прежний уровень;товары для дома;894;1;5241.0
Прежний уровень;товары для дома;161;4;5428.0
Прежний уровень;товары для себя;940;2;4796.0
Прежний уровень;товары для себя;951;3;5179.0
Прежний уровень;товары для себя;177;2;4970.0
Прежний уровень;товары для себя;641;1;4549.0
Прежний уровень;товары для себя;191;4;5080.0
Прежний уровень;товары для себя;600;4;5110.0
Прежний уровень;товары для себя;732;1;5392.0
Прежний уровень;товары для себя;783;3;4940.0
Прежний уровень;товары для себя;406;0;5511.0
Прежний уровень;товары для себя;987;2;5177.0
Прежний уровень;товары для себя;1025;2;5323.0
Прежний уровень;товары для себя;967;2;4417.0
Прежний уровень;товары для себя;718;3;4489.0
Прежний уровень;товары для себя;1004;1;4504.0
Прежний уровень;товары для себя;1009;2;4519.0
Прежний уровень;товары для себя;622;3;4711.0
Прежний уровень;товары для дома;566;2;5400.0
Прежний уровень;товары для себя;747;3;4881.0
Прежний уровень;товары для себя;503;2;4788.0
Прежний уровень;товары для себя;827;1;5397.0
Прежний уровень;товары для дома;169;0;4920.0
Прежний уровень;товары для себя;185;5;5129.0
Прежний уровень;товары для себя;1030;2;5083.0
Прежний уровень;товары для дома;206;4;4831.0
Прежний уровень;товары для себя;410;2;4835.0
Прежний уровень;товары для себя;629;1;5113.0
Прежний уровень;товары для себя;603;0;4850.0
Прежний уровень;товары для себя;324;3;5092.0
Прежний уровень;товары для себя;866;2;4703.0
Прежний уровень;товары для себя;345;3;5317.0
Прежний уровень;товары для себя;784;1;5614.0
Прежний уровень;товары для себя;493;2;4427.0
Прежний уровень;товары для себя;245;5;4384.0
Прежний уровень;товары для себя;451;4;4369.0
Прежний уровень;товары для себя;319;4;5307.0
Прежний уровень;товары для себя;446;1;4683.0
Прежний уровень;товары для себя;958;3;5475.0
Прежний уровень;товары для дома;346;4;4409.0
Прежний уровень;товары для дома;264;1;5471.0
Прежний уровень;товары для себя;371;1;5638.0
Прежний уровень;товары для себя;370;2;4684.0
Прежний уровень;товары для себя;823;4;4868.0
Прежний уровень;товары для себя;888;1;4821.0
Прежний уровень;товары для дома;582;1;4592.0
Прежний уровень;товары для себя;1048;0;4553.0
Прежний уровень;товары для себя;490;3;4339.0
Прежний уровень;товары для дома;978;0;5176.0
Прежний уровень;товары для себя;602;3;5267.0
Прежний уровень;товары для себя;551;1;4607.0
Прежний уровень;товары для себя;693;0;4894.0
Прежний уровень;товары для себя;154;1;4484.0
Прежний уровень;товары для себя;202;2;5637.0
Прежний уровень;товары для себя;668;4;5014.0
Прежний уровень;товары для дома;1028;2;4401.0
Прежний уровень;товары для себя;812;1;5485.0
Прежний уровень;товары для дома;452;2;5047.0
Прежний уровень;товары для себя;992;1;4532.0
Прежний уровень;товары для дома;418;2;4779.0
Прежний уровень;товары для себя;149;3;5268.0
Прежний уровень;товары для себя;935;5;4892.0
Прежний уровень;товары для дома;668;1;4527.0
Прежний уровень;товары для себя;869;1;4377.0
Прежний уровень;товары для себя;320;4;4645.0
Прежний уровень;товары для себя;1036;2;4536.0
Прежний уровень;товары для себя;930;1;4959.0
Прежний уровень;товары для себя;1041;1;4941.0
Прежний уровень;товары для дома;274;0;4746.0
Прежний уровень;товары для себя;698;5;4445.0
Прежний уровень;товары для себя;476;1;5453.0
Прежний уровень;товары для дома;334;2;5337.0
Прежний уровень;товары для себя;150;1;5077.0
Прежний уровень;товары для дома;617;2;4493.0
Прежний уровень;товары для себя;591;0;4624.0
Прежний уровень;товары для себя;253;2;4681.0
Прежний уровень;товары для себя;456;1;5436.0
Прежний уровень;товары для себя;428;4;4675.0
Прежний уровень;товары для себя;846;4;4750.0
Прежний уровень;товары для дома;337;1;5591.0
Прежний уровень;товары для дома;370;1;5186.0
Прежний уровень;товары для себя;327;1;4935.0
Прежний уровень;товары для себя;608;1;4598.0
Прежний уровень;товары для дома;318;2;4985.0
Прежний уровень;товары для себя;881;1;4625.0
Прежний уровень;товары для дома;685;5;4978.0
Прежний уровень;товары для себя;503;1;4766.0
Прежний уровень;товары для себя;423;4;4728.0
Прежний уровень;товары для себя;855;4;5577.0
Прежний уровень;товары для себя;925;3;4897.0
Прежний уровень;товары для себя;462;2;5455.0
Прежний уровень;товары для дома;391;2;5117.0
Прежний уровень;товары для дома;719;1;5494.0
Прежний уровень;товары для себя;374;3;4769.0
Прежний уровень;товары для дома;677;3;4771.0
Прежний уровень;товары для себя;347;1;5475.0
Прежний уровень;товары для дома;471;2;4798.0
Прежний уровень;товары для себя;778;0;5004.0
Прежний уровень;товары для себя;764;0;4562.0
Прежний уровень;товары для дома;402;1;
Прежний уровень;товары для себя;773;3;4441.0
Прежний уровень;товары для себя;575;1;4610.0
Прежний уровень;товары для себя;512;4;5059.0
Прежний уровень;товары для себя;466;1;5336.0
Прежний уровень;товары для себя;133;5;4951.0
Прежний уровень;товары для себя;397;4;5039.0
Прежний уровень;товары для себя;866;1;4993.0
Прежний уровень;товары для себя;581;1;5027.0
Прежний уровень;товары для дома;712;1;5219.0
Прежний уровень;товары для себя;994;3;
Прежний уровень;товары для дома;751;3;4674.0
Прежний уровень;товары для себя;567;1;4557.0
Прежний уровень;товары для себя;669;1;5448.0
Прежний уровень;товары для себя;714;3;5039.0
Прежний уровень;товары для себя;410;1;5348.0
Прежний уровень;товары для себя;714;0;5633.0
Прежний уровень;товары для себя;624;1;4703.0
Прежний уровень;товары для себя;244;2;4786.0
Прежний уровень;товары для дома;508;1;4679.0
Прежний уровень;товары для себя;370;4;4995.0
Прежний уровень;товары для себя;488;2;4565.0
Прежний уровень;товары для себя;974;2;5018.0
Прежний уровень;товары для себя;633;3;5159.0
Прежний уровень;товары для себя;396;1;4595.0
Прежний уровень;товары для дома;250;2;4561.0
Прежний уровень;товары для себя;215;5;4533.0
Прежний уровень;товары для дома;639;0;4771.0
Прежний уровень;товары для себя;269;4;5493.0
Прежний уровень;товары для себя;211;1;5046.0
Прежний уровень;товары для себя;564;3;5476.0
Прежний уровень;товары для себя;465;0;4812.0
Прежний уровень;товары для себя;1040;3;5118.0
Прежний уровень;товары для себя;763;1;4983.0
Прежний уровень;товары для себя;951;4;4727.0
Прежний уровень;товары для дома;544;3;4433.0
Прежний уровень;товары для себя;918;3;4925.0
Прежний уровень;товары для себя;927;5;4422.0
Прежний уровень;товары для себя;509;5;4473.0
Прежний уровень;товары для себя;864;1;5086.0
Прежний уровень;товары для дома;219;2;5177.0
Прежний уровень;товары для себя;774;1;5171.0
Прежний уровень;товары для себя;686;3;4339.0
Прежний уровень;товары для себя;894;0;4659.0
Прежний уровень;товары для дома;401;2;4480.0
Прежний уровень;товары для себя;470;4;4430.0
Прежний уровень;товары для себя;975;2;4718.0
Прежний уровень;товары для себя;449;1;4513.0
Прежний уровень;товары для себя;1056;3;5315.0
Прежний уровень;товары для себя;616;2;5474.0
Прежний уровень;товары для дома;618;0;4846.0
Прежний уровень;товары для дома;638;3;4726.0
Прежний уровень;товары для себя;360;3;5144.0
Прежний уровень;товары для дома;148;2;5557.0
Прежний уровень;товары для себя;854;0;4876.0
Прежний уровень;товары для себя;793;1;4766.0
Прежний уровень;товары для дома;610;0;5155.0
Прежний уровень;товары для себя;327;4;4918.0
Прежний уровень;товары для себя;597;3;5158.0
Прежний уровень;товары для себя;1006;3;4648.0
Прежний уровень;товары для дома;282;0;4821.0
Прежний уровень;товары для себя;491;5;5653.0
Прежний уровень;товары для себя;356;0;4950.0
Прежний уровень;товары для дома;341;1;5394.0
Прежний уровень;товары для себя;802;3;4807.0
Прежний уровень;товары для себя;378;3;5332.0
Прежний уровень;товары для себя;624;3;5143.0
Прежний уровень;товары для себя;795;2;4721.0
Прежний уровень;товары для дома;823;4;4834.0
Прежний уровень;товары для себя;433;1;4768.0
Прежний уровень;товары для себя;1022;0;5082.0
Прежний уровень;товары для дома;184;4;4745.0
Прежний уровень;товары для себя;835;3;4910.0
Прежний уровень;товары для себя;387;1;5442.0
Прежний уровень;товары для дома;567;2;5154.0
Прежний уровень;товары для дома;519;0;4979.0
Прежний уровень;товары для себя;776;1;5055.0
Прежний уровень;товары для себя;620;2;5075.0
Прежний уровень;товары для дома;514;4;4352.0
Прежний уровень;товары для себя;597;5;4767.0
Прежний уровень;товары для себя;368;4;4369.0
Прежний уровень;товары для себя;568;4;5641.0
Прежний уровень;товары для себя;1061;2;4436.0
Прежний уровень;товары для себя;779;3;4484.0
Прежний уровень;товары для дома;717;3;5035.0
Прежний уровень;товары для дома;414;1;5124.0
Прежний уровень;товары для дома;477;2;5528.0
Прежний уровень;товары для себя;651;1;4940.0
Прежний уровень;товары для себя;1024;4;4970.0
Прежний уровень;товары для себя;345;1;5142.0
Прежний уровень;товары для дома;514;2;4861.0
Прежний уровень;товары для себя;553;3;4875.0
Прежний уровень;товары для себя;636;2;4857.0
Прежний уровень;товары для себя;827;2;4606.0
Прежний уровень;товары для себя;286;5;4400.0
Прежний уровень;товары для себя;201;3;5526.0
Прежний уровень;товары для дома;762;0;5026.0
Прежний уровень;товары для себя;748;1;4615.0
Прежний уровень;товары для дома;973;4;4874.0
Прежний уровень;товары для дома;789;1;4934.0
Прежний уровень;товары для себя;661;5;4959.0
Прежний уровень;товары для дома;478;2;5355.0
Прежний уровень;товары для себя;356;2;5171.0
Прежний уровень;товары для себя;592;5;5341.0
Прежний уровень;товары для себя;876;3;4754.0
Прежний уровень;товары для дома;234;2;4416.0
Прежний уровень;товары для себя;356;4;4819.0
Прежний уровень;товары для себя;435;2;5094.0
Прежний уровень;товары для дома;440;2;5000.0
Прежний уровень;товары для себя;475;5;4625.0
Прежний уровень;товары для себя;723;3;4603.0
Прежний уровень;товары для себя;199;2;4471.0
Прежний уровень;товары для дома;1010;0;4935.0
Прежний уровень;товары для себя;265;2;5223.0
Прежний уровень;товары для себя;1000;1;4974.0
Прежний уровень;товары для себя;471;3;5363.0
Прежний уровень;товары для себя;378;4;5158.0
Прежний уровень;товары для дома;596;0;5374.0
Прежний уровень;товары для себя;776;2;4690.0
Прежний уровень;товары для себя;436;1;5663.0
Прежний уровень;товары для себя;713;4;4986.0
Прежний уровень;товары для себя;646;3;4365.0
Прежний уровень;товары для дома;424;4;5395.0
Прежний уровень;товары для себя;425;3;5568.0
Прежний уровень;товары для себя;939;1;4465.0
Прежний уровень;товары для себя;602;2;4775.0
Прежний уровень;товары для себя;847;1;5233.0
Прежний уровень;товары для себя;1032;5;4828.0
Прежний уровень;товары для дома;380;1;4944.0
Прежний уровень;товары для себя;536;3;4604.0
Прежний уровень;товары для себя;784;4;4995.0
Прежний уровень;товары для себя;485;5;4486.0
Прежний уровень;товары для дома;121;2;4745.0
Прежний уровень;товары для себя;889;1;4974.0
Прежний уровень;товары для себя;606;5;4536.0
Прежний уровень;товары для себя;302;2;5267.0
Прежний уровень;товары для себя;726;5;4654.0
Прежний уровень;товары для себя;280;2;4519.0
Прежний уровень;товары для себя;993;3;4820.0
Прежний уровень;товары для себя;205;3;4835.0
Прежний уровень;товары для дома;712;0;4522.0
Прежний уровень;товары для себя;513;4;4972.0
Прежний уровень;товары для себя;595;1;4894.0
Прежний уровень;товары для себя;509;2;4712.0
Прежний уровень;товары для себя;540;3;5415.0
Прежний уровень;товары для себя;275;5;5143.0
Прежний уровень;товары для себя;844;5;4917.0
Прежний уровень;товары для дома;788;3;4884.0
Прежний уровень;товары для себя;724;1;4470.0
Прежний уровень;товары для себя;190;4;4341.0
Прежний уровень;товары для себя;785;1;4853.0
Прежний уровень;товары для дома;517;2;4648.0
Прежний уровень;товары для дома;460;1;5376.0
Прежний уровень;товары для себя;627;3;4644.0
Прежний уровень;товары для себя;703;1;4795.0
Прежний уровень;товары для дома;136;4;4485.0
Прежний уровень;товары для себя;907;1;4837.0
Прежний уровень;товары для дома;322;3;5029.0
Прежний уровень;товары для себя;423;2;4694.0
Прежний уровень;товары для себя;307;2;4351.0
Прежний уровень;товары для себя;433;1;5160.0
Прежний уровень;товары для себя;953;2;5171.0
Прежний уровень;товары для себя;964;3;5315.0
Прежний уровень;товары для себя;618;2;4721.0
Прежний уровень;товары для дома;372;3;4859.0
Прежний уровень;товары для себя;972;1;5176.0
Прежний уровень;товары для дома;238;0;4825.0
Прежний уровень;товары для себя;449;4;4466.0
Прежний уровень;товары для себя;929;1;4946.0
Прежний уровень;товары для дома;511;3;5510.0
Прежний уровень;товары для себя;868;2;5276.0
Прежний уровень;товары для дома;259;1;4867.0
Прежний уровень;товары для себя;739;0;5003.0
Прежний уровень;товары для себя;539;0;5223.0
Прежний уровень;товары для себя;237;3;4845.0
Прежний уровень;товары для себя;781;1;4846.0
Прежний уровень;товары для себя;398;5;4663.0
Прежний уровень;товары для себя;175;2;5104.0
Прежний уровень;товары для себя;290;2;4794.0
Прежний уровень;товары для себя;739;1;5180.0
Прежний уровень;товары для себя;985;4;4410.0
Прежний уровень;товары для себя;564;0;5267.0
Прежний уровень;товары для себя;1008;2;4765.0
Прежний уровень;товары для себя;999;0;5616.0
Прежний уровень;товары для себя;522;3;5090.0
Прежний уровень;товары для себя;1042;1;4661.0
Прежний уровень;товары для себя;767;4;4799.0
Прежний уровень;товары для себя;404;2;5105.0
Прежний уровень;товары для себя;445;2;4616.0
Прежний уровень;товары для себя;577;0;5454.0
Прежний уровень;товары для себя;648;2;4659.0
Прежний уровень;товары для себя;611;4;4750.0
Прежний уровень;товары для себя;461;1;5612.0
Прежний уровень;товары для дома;219;3;5253.0
Прежний уровень;товары для себя;454;3;4649.0
Прежний уровень;товары для себя;862;4;4872.0
Прежний уровень;товары для себя;660;3;5186.0
Прежний уровень;товары для дома;816;1;5125.0
Прежний уровень;товары для себя;522;2;4550.0
Прежний уровень;товары для себя;335;3;4684.0
Прежний уровень;товары для себя;346;5;5231.0
Прежний уровень;товары для дома;718;1;5399.0
Прежний уровень;товары для себя;619;1;4449.0
Прежний уровень;товары для себя;796;3;5165.0
Прежний уровень;товары для себя;832;1;5538.0
Прежний уровень;товары для дома;291;4;5502.0
Прежний уровень;товары для себя;742;2;4620.0
Прежний уровень;товары для себя;129;5;4944.0
Прежний уровень;товары для себя;1041;0;5428.0
Прежний уровень;товары для дома;349;4;4700.0
Прежний уровень;товары для себя;509;2;5272.0
Прежний уровень;товары для себя;220;3;5064.0
Прежний уровень;товары для себя;374;2;4690.0
Прежний уровень;товары для себя;923;2;5191.0
Прежний уровень;товары для себя;296;4;4483.0
Прежний уровень;товары для себя;311;2;4680.0
Прежний уровень;товары для себя;902;4;4611.0
Прежний уровень;товары для себя;749;0;5211.0
Прежний уровень;товары для себя;482;2;5175.0
Прежний уровень;товары для дома;617;3;5595.0
Прежний уровень;товары для себя;893;1;4768.0
Прежний уровень;товары для дома;595;4;5212.0
Прежний уровень;товары для себя;384;0;5553.0
Прежний уровень;товары для себя;833;1;4631.0
Прежний уровень;товары для себя;723;4;5290.0
Прежний уровень;товары для себя;704;4;5249.0
Прежний уровень;товары для себя;545;2;4939.0
Прежний уровень;товары для себя;559;2;5072.0
Прежний уровень;товары для дома;301;5;4795.0
Прежний уровень;товары для себя;882;2;4761.0
Прежний уровень;товары для дома;508;1;5279.0
Прежний уровень;товары для себя;233;4;5190.0
Прежний уровень;товары для себя;994;3;5134.0
Прежний уровень;товары для себя;937;2;4979.0
Прежний уровень;товары для себя;644;3;4870.0
Прежний уровень;товары для себя;505;3;4673.0
Прежний уровень;товары для себя;969;2;4449.0
Прежний уровень;товары для себя;461;1;4416.0
Прежний уровень;товары для дома;326;2;5379.0
Прежний уровень;товары для себя;713;1;4757.0
Прежний уровень;товары для себя;157;3;4655.0
Прежний уровень;товары для дома;679;1;5023.0
Прежний уровень;товары для себя;993;1;5245.0
Прежний уровень;товары для дома;757;1;4974.0
Прежний уровень;товары для дома;362;1;5118.0
Прежний уровень;товары для себя;780;4;4946.0
Прежний уровень;товары для себя;401;0;4401.0
Прежний уровень;товары для дома;769;1;4925.0
Прежний уровень;товары для дома;445;2;5212.0
Прежний уровень;товары для дома;1013;0;4488.0
Прежний уровень;товары для дома;324;1;4949.0
Прежний уровень;товары для себя;873;4;4908.0
Прежний уровень;товары для себя;482;2;4624.0
Прежний уровень;товары для себя;176;2;4952.0
Прежний уровень;товары для дома;347;4;4772.0
Прежний уровень;товары для себя;593;1;4432.0
Прежний уровень;товары для дома;776;2;5028.0
Прежний уровень;товары для себя;514;3;5211.0
Прежний уровень;товары для себя;335;2;4820.0
Прежний уровень;товары для себя;594;4;4943.0
Прежний уровень;товары для себя;280;4;5154.0
Прежний уровень;товары для дома;911;3;4847.0
Прежний уровень;товары для дома;134;4;5328.0
Прежний уровень;товары для себя;600;0;4882.0
Прежний уровень;товары для себя;286;0;4830.0
Прежний уровень;товары для дома;166;1;5098.0
Прежний уровень;товары для себя;447;0;4460.0
Прежний уровень;товары для себя;740;2;5039.0
Прежний уровень;товары для себя;151;2;5307.0
Прежний уровень;товары для дома;765;0;5107.0
Прежний уровень;товары для себя;514;5;4521.0
Прежний уровень;товары для дома;468;1;5176.0
Прежний уровень;товары для себя;753;2;4457.0
Прежний уровень;товары для себя;719;4;4968.0
Прежний уровень;товары для себя;388;3;5042.0
Прежний уровень;товары для дома;841;0;4430.0
Прежний уровень;товары для себя;453;5;4977.0
Прежний уровень;товары для себя;349;4;5169.0
Прежний уровень;товары для себя;553;2;5269.0
Прежний уровень;товары для дома;170;1;4908.0
Прежний уровень;товары для себя;798;2;4608.0
Прежний уровень;товары для себя;350;4;4526.0
Прежний уровень;товары для себя;568;1;5515.0
Прежний уровень;товары для дома;904;1;4533.0
Прежний уровень;товары для себя;575;4;5123.0
Прежний уровень;товары для себя;786;3;4588.0
Прежний уровень;товары для себя;935;1;5363.0
Прежний уровень;товары для дома;964;0;5386.0
Прежний уровень;товары для себя;515;0;4653.0
Прежний уровень;товары для себя;1013;2;5483.0
Прежний уровень;товары для себя;900;0;5150.0
Прежний уровень;товары для себя;610;1;4945.0
Прежний уровень;товары для себя;780;1;5574.0
Прежний уровень;товары для себя;486;0;4630.0
Прежний уровень;товары для дома;815;3;4818.0
Прежний уровень;товары для себя;983;4;5448.0
Прежний уровень;товары для дома;140;2;5234.0
Прежний уровень;товары для себя;1001;5;4421.0
Прежний уровень;товары для дома;612;0;5301.0
Прежний уровень;товары для себя;162;5;4661.0
Прежний уровень;товары для себя;663;0;4715.0
Прежний уровень;товары для себя;806;1;4895.0
Прежний уровень;товары для себя;351;1;4495.0
Прежний уровень;товары для себя;488;5;5045.0
Прежний уровень;товары для себя;768;5;5446.0
Прежний уровень;товары для дома;467;1;4774.0
Прежний уровень;товары для дома;346;1;4798.0
Прежний уровень;товары для себя;488;4;5053.0
Прежний уровень;товары для себя;455;0;5432.0
Прежний уровень;товары для дома;761;0;4522.0
Прежний уровень;товары для дома;192;3;4882.0
Прежний уровень;товары для себя;335;4;5219.0
Прежний уровень;товары для себя;932;3;5051.0
Прежний уровень;товары для себя;996;4;4428.0
Прежний уровень;товары для себя;801;1;4625.0
Прежний уровень;товары для дома;930;0;4881.0
Прежний уровень;товары для себя;306;5;4887.0
Прежний уровень;товары для дома;416;3;4634.0
Прежний уровень;товары для себя;638;1;4735.0
Прежний уровень;товары для себя;991;3;5212.0
Прежний уровень;товары для себя;318;3;4534.0
Прежний уровень;товары для дома;454;2;4463.0
Прежний уровень;товары для себя;586;2;4705.0
Прежний уровень;товары для себя;645;3;5340.0
Прежний уровень;товары для себя;906;5;4981.0
Прежний уровень;товары для себя;835;2;4951.0
Прежний уровень;товары для дома;243;2;4953.0
Прежний уровень;товары для себя;641;5;4788.0
Прежний уровень;товары для себя;684;4;4902.0
Прежний уровень;товары для себя;881;2;5360.0
Прежний уровень;товары для себя;786;2;4818.0
Прежний уровень;товары для дома;658;1;5062.0
Прежний уровень;товары для себя;384;3;4642.0
Прежний уровень;товары для дома;585;1;4342.0
Прежний уровень;товары для дома;744;1;5396.0
Прежний уровень;товары для себя;846;3;4826.0
Прежний уровень;товары для себя;724;0;4729.0
Прежний уровень;товары для дома;826;0;5609.0
Прежний уровень;товары для дома;450;2;5096.0
Прежний уровень;товары для себя;439;1;4949.0
Прежний уровень;товары для себя;801;1;4690.0
Прежний уровень;товары для себя;586;4;4912.0
Прежний уровень;товары для себя;599;8;5200.0
Прежний уровень;товары для себя;1025;4;4786.0
Прежний уровень;товары для дома;302;5;4833.0
Прежний уровень;товары для дома;238;5;4735.0
Прежний уровень;товары для себя;316;5;5251.0
Прежний уровень;товары для дома;147;2;4651.0
Прежний уровень;товары для себя;352;7;4342.0
Прежний уровень;товары для себя;567;4;4980.0
Прежний уровень;товары для себя;744;2;4860.0
Прежний уровень;товары для себя;591;1;4623.0
Прежний уровень;товары для себя;966;1;4613.0
Прежний уровень;товары для себя;903;8;4591.0
Прежний уровень;товары для себя;157;6;4679.0
Прежний уровень;товары для себя;162;5;5176.0
Прежний уровень;товары для себя;597;2;5011.0
Прежний уровень;товары для себя;218;4;4704.0
Прежний уровень;товары для дома;753;3;5299.0
Прежний уровень;товары для себя;762;1;5334.0
Прежний уровень;товары для себя;452;2;4725.0
Прежний уровень;товары для себя;691;2;5183.0
